adt-basic	ctor_Red	1	BOXED
adt-name-apostrophe-monomorph-mangle	ctor_Lens___int__int	1	BYVAL
adt-copy	ctor_Red	1	BOXED
adt-nested	ctor_Just	1	BOXED
adt-nested	ctor_Wrap	1	BOXED
adt-param-match-type-pair	ctor_MkPair2__int__int	1	BYVAL
adt-param-match-type	ctor_Yep__int	1	BOXED
adt-param-tyvar	ctor_Yep__int	1	BOXED
adt-param	ctor_Just	1	BOXED
adt-recursive	ctor_Nil	1	BOXED
adt-recursive	ctor_Cons	3	BOXED
any-box-adt	ctor_Circle	1	BOXED
any-box-struct	ctor_Point	1	BYVAL
any-cast-type-identity	ctor_Point	1	BYVAL
any-cast-type-identity	ctor_Circle	1	BOXED
applied-struct-instance-element-discrimination	ctor_Option__cstr	2	BYVAL
applied-struct-instance-element-discrimination	ctor_Option__int	2	BYVAL
applied-struct-instance-element-discrimination	ctor_Rec	1	BYVAL
arrow-instance-choice	ctor_Left	7	BOXED
arrow-instance-choice	ctor_Right	7	BOXED
ascribe-fat-closure-call	ctor_Cons__int	2	BOXED
backtrack-clone-ref	ctor_Ref	1	BYVAL
borrow-struct-field	ctor_Point	1	BYVAL
box-unbox-byvalue-aggregate	ctor_IntPair	1	BYVAL
box-unbox-byvalue-aggregate	ctor_Vec3	1	BYVAL
byval-adt-local-owning-field-drop	ctor_Own	1	BYVAL
byval-record-adt-branch-arm	ctor_Boxed	6	BOXED
byval-record-adt-branch-arm	ctor_MkWrap	5	BYVAL
byval-record-adt-branch-arm	ctor_SelA	2	BOXED
byval-record-adt-branch-arm	ctor_SelB	1	BOXED
byval-result-field-access	ctor_Result	1	BOXED
byval-result-field-access	ctor_Option__int	1	BYVAL
byvalue-field-ascribed-carrier-receiver	ctor_Duo__cstr__int	1	BYVAL
byvalue-option-if-join-call-arm	ctor_Option__int	6	BYVAL
byvalue-option-over-parametric-monomorph	ctor_P	1	BYVAL
byvalue-option-over-parametric-monomorph	ctor_Option__P	1	BYVAL
byvalue-option-over-parametric-monomorph	ctor_Q__int	1	BYVAL
byvalue-option-over-parametric-monomorph	ctor_Option__Q__int	1	BYVAL
byvalue-option-over-parametric-monomorph	ctor_Result__Vec__int__cstr	1	BYVAL
byvalue-option-over-parametric-monomorph	ctor_Option__int	1	BYVAL
byvalue-option-over-parametric-monomorph	ctor_Option__Option__int	1	BYVAL
byvalue-product-tail-var-nonparametric	ctor_Pt	6	BYVAL
byvalue-product-tail-var-nonparametric	ctor_Box2__int__int	2	BYVAL
byvalue-product-tail-var-parametric	ctor_Box2__int__cstr	3	BYVAL
byvalue-result-param-predicate	ctor_Result__int__cstr	4	BYVAL
c-keyword-struct-field	ctor_Rec	1	BYVAL
c-keyword-struct-field	ctor_tur_u_enum	1	BYVAL
capability-effect-poly	ctor_Printer	1	BYVAL
capturing-closure-struct-field	ctor_Adder	3	BYVAL
catch-box-user-sink-confines	ctor_Slot	1	BYVAL
catch-unwind-aggregate-thunk	ctor_Q	2	BYVAL
catch-unwind-aggregate-thunk	ctor_P	2	BOXED
catch-unwind-branch-result-return	ctor_First	1	BOXED
cfnptr-vs-boxed-monomorph-split	ctor_Option__fn1_int__int	1	BYVAL
cfnptr-vs-boxed-monomorph-split	ctor_Option__fnc1_int__int	1	BYVAL
class-method-hkt-tyvar-grounding	ctor_Some	1	BOXED
class-method-hkt-tyvar-grounding	ctor_Some__Opt	1	BOXED
class-method-hkt-tyvar-grounding	ctor_Some__int	2	BOXED
class-method-result-into-generic	ctor_FzWc	3	BYVAL
class-method-result-into-generic	ctor_FzB	1	BYVAL
clone-list	ctor_Cell	1	BYVAL
clone-option	ctor_Opt	1	BYVAL
clone-pair	ctor_Pr	1	BYVAL
clone-vec	ctor_HVec	1	BYVAL
cloneable-capture-precision	ctor_NoToken	1	BYVAL
cloneable-owning-aggregate-capture	ctor_Own	1	BYVAL
cloneable-owning-carrier-handle-capture	ctor_H	1	BOXED
cloneable-owning-consuming-aggregate	ctor_Own	1	BYVAL
cloneable-owning-consuming-carrier	ctor_H	1	BOXED
cloneable-owning-consuming-recursive	ctor_H2	1	BOXED
cloneable-owning-consuming-ref-field	ctor_H4	1	BOXED
closure-capture-byptr-struct-param	ctor_Cfg	1	BYVAL
constrained-defn-cons-return-monomorphize	ctor_Result	27	BOXED
constrained-defn-cons-return-monomorphize	ctor_Cons__int	7	BOXED
constrained-defn-cons-return-monomorphize	ctor_Cons__cstr	7	BOXED
constrained-defn-cons-return-monomorphize	ctor_Cons__float	13	BOXED
constrained-generic-dispatch-tyvar-name-independence	ctor_CanvasBackend	1	BYVAL
constrained-generic-dispatch-tyvar-name-independence	ctor_PngBackend	1	BYVAL
constrained-generic-inline-c-receiver-dispatch	ctor_CanvasBackend	2	BYVAL
constrained-generic-inline-c-receiver-dispatch	ctor_PngBackend	2	BYVAL
constrained-generic-mixed-abi-uncalled-carrier	ctor_CanvasBackend	1	BYVAL
constrained-generic-mixed-abi-uncalled-carrier	ctor_SurfaceBackend	1	BYVAL
constrained-generic-mixed-abi-uncalled-carrier	ctor_PngBackend	1	BYVAL
constrained-generic-nested-container-element-dispatch	ctor_Cons__int	1	BOXED
constrained-generic-nested-container-element-dispatch	ctor_Option__int	1	BYVAL
constrained-generic-nested-container-element-dispatch	ctor_Cons__Option__int	1	BOXED
constrained-generic-samehead-instance-dict	ctor_Option__int	1	BYVAL
constrained-generic-samehead-instance-dict	ctor_Option__cstr	1	BYVAL
constrained-generic-struct-receiver-dispatch	ctor_CanvasBackend	1	BYVAL
constrained-generic-struct-receiver-dispatch	ctor_SurfaceBackend	2	BYVAL
constrained-generic-struct-receiver-dispatch	ctor_PngBackend	1	BYVAL
constrained-instance-dispatch-nested-parametric-element	ctor_Cons__int	2	BOXED
constrained-instance-dispatch-nested-parametric-element	ctor_Option__Cons__int	1	BYVAL
constrained-instance-dispatch-nested-parametric-element	ctor_Cons__float	2	BOXED
constrained-instance-dispatch-nested-parametric-element	ctor_Option__Cons__float	1	BYVAL
constrained-instance-dispatch-nested-parametric-element	ctor_Cons__cstr	2	BOXED
constrained-instance-dispatch-nested-parametric-element	ctor_Option__Cons__cstr	1	BYVAL
constrained-instance-dispatch-parametric-container-element	ctor_Option__int	4	BYVAL
constrained-instance-dispatch-parametric-container-element	ctor_Cons__Option__int	2	BOXED
constrained-instance-dispatch-parametric-container-element	ctor_Option__float	4	BYVAL
constrained-instance-dispatch-parametric-container-element	ctor_Cons__Option__float	2	BOXED
constrained-instance-element-dispatch	ctor_Box	1	BYVAL
constrained-instance-element-dispatch	ctor_Option__int	1	BYVAL
constrained-instance-element-dispatch	ctor_Option__float	1	BYVAL
constrained-instance-element-dispatch	ctor_Option__cstr	1	BYVAL
constrained-instance-element-dispatch	ctor_Option__Box	1	BYVAL
constrained-instance-heap-field-dispatch	ctor_Cons__int	2	BOXED
constrained-instance-heap-field-dispatch	ctor_Cons__float	2	BOXED
constrained-instance-heap-field-dispatch	ctor_Cons__cstr	2	BOXED
constrained-loop-vec-push-byvalue-result-element	ctor_Result__int__cstr	3	BYVAL
constrained-loop-vec-push-byvalue-result-element	ctor_Option__int	3	BYVAL
constrained-loop-vec-push-byvalue-result-element	ctor_Result__Vec__Option__int__cstr	1	BYVAL
constrained-loop-vec-push-byvalue-result-element	ctor_Result__Option__int__cstr	3	BYVAL
conv-adt-record-typed-fn-field-call	ctor_H	1	BYVAL
conv-adt-record-fn-field-call	ctor_H	1	BYVAL
conv-byval-adt-app-pair	ctor_MkPair2__int__int	3	BYVAL
conv-byval-adt-app-pair	ctor_N__int	1	BYVAL
conv-byval-adt-in-carrier	ctor_Pt	3	BYVAL
conv-byval-adt-in-carrier	ctor_Dot	1	BOXED
conv-byval-adt-in-carrier	ctor_Seg	1	BOXED
conv-byval-adt-large-pbp	ctor_Big	1	BYVAL
conv-byval-adt-nested-inline	ctor_Pt	5	BYVAL
conv-byval-adt-nested-inline	ctor_Line	2	BYVAL
conv-byval-adt-nested-inline	ctor_Box	1	BYVAL
conv-byval-adt-rc-drop	ctor_Box	1	BYVAL
conv-byval-match-returns-adt	ctor_Rec	2	BYVAL
conv-defstruct-accessor-unbox	ctor_Tuple2__cstr__int	1	BYVAL
conv-defstruct-accessor-unbox	ctor_Tuple2__int__Tuple2__cstr__int	1	BYVAL
conv-defstruct-control-flow-construct	ctor_Option__int	6	BYVAL
conv-defstruct-heap-struct-lowering	ctor_Big	1	BOXED
conv-defstruct-heap-struct-lowering	ctor_Pt	3	BOXED
conv-defstruct-heap-struct-lowering	ctor_Holder	1	BOXED
conv-defstruct-fn-field-lowering	ctor_H	1	BYVAL
conv-defstruct-inline-c-abi	ctor_Cfg	1	BYVAL
conv-defstruct-list-lowering	ctor_Cons__int	3	BOXED
conv-defstruct-multi-instance-dispatch	ctor_CanvasBackend	1	BYVAL
conv-defstruct-multi-instance-dispatch	ctor_SurfaceBackend	2	BYVAL
conv-defstruct-multi-instance-dispatch	ctor_PngBackend	1	BYVAL
conv-defstruct-make-struct-lowering	ctor_P	2	BYVAL
conv-defstruct-named-monomorph-layout	ctor_Box3__int__int__int	1	BYVAL
conv-defstruct-nested-adt-lowering	ctor_Pt	4	BYVAL
conv-defstruct-nested-adt-lowering	ctor_Line	2	BYVAL
conv-defstruct-none-base-carrier-return	ctor_Option	1	BOXED
conv-defstruct-none-base-carrier-return	ctor_Option__int	2	BYVAL
conv-defstruct-option-fn-element	ctor_Option__fn1_int__int	1	BYVAL
conv-defstruct-option-fn-element	ctor_Option__fn1_float__float	1	BYVAL
conv-defstruct-option-fn-element	ctor_Option__float	2	BYVAL
conv-defstruct-option-fn-element	ctor_Option__int	2	BYVAL
conv-defstruct-option-hkt-instance-bodies	ctor_Option	1	BOXED
conv-defstruct-option-hkt-instance-bodies	ctor_Option__int	10	BYVAL
conv-defstruct-pointer-field-lowering	ctor_Inner	1	BYVAL
conv-defstruct-pointer-field-lowering	ctor_Box	1	BYVAL
conv-defstruct-result-struct-field-typedef-order	ctor_Result__User__cstr	2	BYVAL
conv-defstruct-result-struct-field-typedef-order	ctor_Option__User	1	BYVAL
conv-defstruct-result-struct-field-typedef-order	ctor_Option__cstr	3	BYVAL
conv-defstruct-result-struct-field-typedef-order	ctor_User	3	BYVAL
conv-defstruct-struct-field-lowering	ctor_Pt	3	BYVAL
conv-defstruct-struct-field-lowering	ctor_Outer	3	BYVAL
conv-defstruct-struct-field-lowering	ctor_HBox	1	BOXED
conv-defstruct-struct-field-lowering	ctor_Big	1	BOXED
conv-defstruct-typed-fn-field-lowering	ctor_H	2	BYVAL
conv-defstruct-user-ctor-shadows-stdlib	ctor_Nil	1	BOXED
conv-defstruct-user-ctor-shadows-stdlib	ctor_Cons	3	BOXED
conv-heap-adt-carrier-ascribe	ctor_Box__int	1	BOXED
conv-heap-adt-carrier-base	ctor_Box__int	1	BOXED
conv-heap-adt-typed-pointer	ctor_HCell__int	1	BOXED
conv-kw-record-variant	ctor_Point	2	BYVAL
conv-multi-variant-tagged	ctor_Circle	1	BOXED
conv-multi-variant-tagged	ctor_Rect	1	BOXED
conv-rc-adt-field-access	ctor_Point	1	BYVAL
conv-rc-adt-record-field-deref	ctor_Inner	1	BYVAL
conv-rc-adt-record-field-deref	ctor_Holder	1	BYVAL
conv-record-variant-construct	ctor_Circle	2	BOXED
conv-record-variant-construct	ctor_Rect	1	BOXED
conv-record-variant-construct	ctor_Empty	1	BOXED
conv-record-variant-match	ctor_Circle	1	BOXED
conv-record-variant-match	ctor_Rect	1	BOXED
conv-single-variant-flat	ctor_S	1	BYVAL
conv-struct-as-adt-match	ctor_Person	1	BYVAL
conv-struct-as-adt-match	ctor_Triple	1	BYVAL
conv-with-narrowed-variant-parametric	ctor_Empty	1	BOXED
conv-with-narrowed-variant-parametric	ctor_Just__int	2	BOXED
conv-with-narrowed-variant	ctor_Circle	2	BOXED
conv-with-narrowed-variant	ctor_Rect	2	BOXED
conv-with-record-variant	ctor_Point	3	BYVAL
cps-backend-capture-borrow	ctor_Own	1	BYVAL
cps-backend-capture-nonscalar	ctor_Pr	1	BYVAL
cps-backend-closure-local	ctor_Box	1	BYVAL
cps-backend-effect-under-match	ctor_Full	1	BOXED
cps-backend-generic-cross-fn	ctor_Option__int	1	BYVAL
cps-backend-generic-island	ctor_Option__int	1	BYVAL
cps-backend-option-effect	ctor_Option__int	1	BYVAL
cps-backend-owning-autodrop-crossing-singleshot	ctor_Own	1	BYVAL
cps-backend-owning-autodrop-noncrossing	ctor_Own	1	BYVAL
cps-backend-owning-struct-capture-multishot	ctor_Own	1	BYVAL
cps-backend-owning-struct-capture	ctor_Own	1	BYVAL
cps-backend-owning-struct-field-op-capture-direct	ctor_Own	1	BYVAL
cps-backend-struct-effect	ctor_Pair2__int__int	1	BYVAL
cps-backend-tierc-effect-arg	ctor_Pr	1	BYVAL
cps-backend-tierc-effect	ctor_Pr	1	BYVAL
cps-backend-tierc-return	ctor_Pr	1	BYVAL
cps-backend-tierc-shift	ctor_Pr	1	BYVAL
cps-heap-join-outer-join-escape	ctor_Result__int__cstr	2	BYVAL
cps-tramp-resume-e1-byval-struct-param	ctor_Cfg	1	BYVAL
cps-tramp-resume-effect-subtype-capability-effectful	ctor_Action	1	BYVAL
cps-tramp-resume-effect-subtype-capability	ctor_Action	1	BYVAL
cps-tramp-resume-owning-field-borrow-handler-case	ctor_Own	1	BYVAL
currying-partial-struct-capture	ctor_Pt	1	BYVAL
currying-partial-struct-capture	ctor_Cfg	1	BYVAL
dead-base-ctor-trap	ctor_Cons__int	1	BOXED
debugger-phase5	ctor_Result__int__cstr	1	BYVAL
debugger-phase5	ctor_Option__int	1	BYVAL
defalias-composite	ctor_P	5	BYVAL
defdata-applied-type-field	ctor_MkBox__int	1	BYVAL
defdata-applied-type-field	ctor_N__int	1	BYVAL
defdata-as-union	ctor_Lit	1	BOXED
defdata-as-union	ctor_Neg	1	BOXED
defdata-as-union	ctor_Add	1	BOXED
definstance-applied-unary-head-kind	ctor_Option__cstr	2	BYVAL
definstance-constraint-user-type	ctor_Cel	2	BYVAL
definstance-constraint-user-type	ctor_Box	1	BYVAL
defopaque-phantom-param	ctor_Cons__int	6	BOXED
defopaque-struct-payload-through-unsafe-lift	ctor_Pos	1	BYVAL
defstruct-as-defadt-lowering	ctor_P	3	BYVAL
defstruct-assoc-sized-fields	ctor_World	1	BYVAL
defstruct-assoc-sized-fields	ctor_SizedWorld	1	BYVAL
defstruct-bracket-fields-multi-type-param	ctor_Triple	1	BOXED
defstruct-byvalue-struct-field	ctor_Inner	2	BYVAL
defstruct-byvalue-struct-field	ctor_Outer	1	BYVAL
defstruct-field-arrow	ctor_Cell	1	BYVAL
defstruct-field-byvalue-parametric-struct	ctor_Option__cstr	2	BYVAL
defstruct-field-byvalue-parametric-struct	ctor_Option__int	2	BYVAL
defstruct-field-byvalue-parametric-struct	ctor_BoxS	2	BYVAL
defstruct-field-byvalue-parametric-struct	ctor_BoxI	2	BYVAL
defstruct-field-handler-multi	ctor_HRow2	1	BYVAL
defstruct-field-handler	ctor_HRow	1	BYVAL
defstruct-field-session-project	ctor_AEnd	1	BYVAL
defstruct-field-session-role	ctor_RoleA	1	BYVAL
defstruct-field-session	ctor_Chan	1	BYVAL
defstruct-fn-field-single-arg	ctor_Endo__int	1	BYVAL
defstruct-fn-field-struct-cstr	ctor_Person	2	BYVAL
defstruct-fn-field-struct-cstr	ctor_Lens	1	BYVAL
defstruct-grouped-field-specs	ctor_Mixed	1	BYVAL
defstruct-grouped-field-specs	ctor_World	1	BYVAL
defstruct-inline-c-byvalue-multi	ctor_Big	1	BYVAL
defstruct-inline-c-byvalue-multi	ctor_Wide	1	BYVAL
defstruct-inline-c-byvalue	ctor_Big	1	BYVAL
defstruct-opaque-field-readback	ctor_World	1	BOXED
defstruct-spaced-typeann	ctor_P	1	BYVAL
defstruct-spaced-typeann	ctor_Mixed	1	BYVAL
derive-show-alias	ctor_Named	1	BYVAL
derive-show-cstr-strbuild	ctor_Inner	2	BYVAL
derive-show-cstr-strbuild	ctor_Outer	1	BYVAL
derive-show-nested	ctor_Triple	2	BYVAL
derive-show-struct	ctor_Point	1	BYVAL
do-discarded-reset-shift-evicted	ctor_Own	1	BYVAL
dot-receiver-first-call	ctor_Person	1	BYVAL
dot-receiver-first-call	ctor_Box	1	BYVAL
dot-parametric-fn-field-call	ctor_Person	2	BYVAL
dot-parametric-fn-field-call	ctor_Lens__Person__cstr	1	BYVAL
drop-glue-nested-owning-aggregate	ctor_Own	3	BYVAL
drop-glue-nested-owning-aggregate	ctor_Outer	1	BYVAL
drop-glue-nested-owning-aggregate	ctor_Sib	1	BYVAL
drop-glue-nested-owning-aggregate	ctor_Mid	1	BYVAL
drop-glue-nested-owning-aggregate	ctor_Deep	1	BYVAL
effect-handler-capture-struct	ctor_Cfg	1	BYVAL
effect-struct-field-row	ctor_Emitter	1	BYVAL
effect-subtype-capability	ctor_Action	1	BYVAL
effect-type-alias	ctor_App	1	BYVAL
emit-abi-trace	ctor_Tuple2__int__int	2	BYVAL
eq-carrier-capturing-comparator	ctor_Option__int	4	BYVAL
error-from-into	ctor_Error	1	BYVAL
error-from-into	ctor_IoError	1	BYVAL
error-from-into	ctor_ParseError	1	BYVAL
ex2-1-phantom-substitution	ctor_SVNil	2	BOXED
ex2-1-phantom-substitution	ctor_SVCons	3	BOXED
ex2-2-phantom-open	ctor_SVNil	2	BOXED
ex2-2-phantom-open	ctor_SVCons	5	BOXED
ex2-3-phantom-escape-ok	ctor_SVNil	1	BOXED
ex2-3-phantom-escape-ok	ctor_SVCons	2	BOXED
ex2-4-vec-existential	ctor_SVNil	2	BOXED
ex2-4-vec-existential	ctor_SVCons	5	BOXED
ex2-5-vec-roundtrip	ctor_SVNil	1	BOXED
ex2-5-vec-roundtrip	ctor_SVCons	3	BOXED
ex2-5-vec-passthrough	ctor_SVNil	3	BOXED
ex2-5-vec-passthrough	ctor_SVCons	7	BOXED
exg4-pack-into-struct-via-let	ctor_Box	1	BOXED
exg4-pack-into-struct	ctor_Box	1	BOXED
exg5-exists-cycle	ctor_S	2	BYVAL
exg5-walker-rc-payload	ctor_Holder	1	BYVAL
exists-pack-multifield-struct	ctor_World	1	BOXED
exists-pack-constrained-byval-struct	ctor_BBox	1	BYVAL
exists-pack-constrained-byval-struct	ctor_LinesR	1	BYVAL
fat-box-ascribed-aggregate-return	ctor_Pair__float__float	1	BYVAL
fat-box-ascribed-aggregate-return	ctor_Pair__int__int	1	BYVAL
fat-closure-ascription	ctor_Cons__int	5	BOXED
fix	ctor_Roll	6	BOXED
fix	ctor_Stop	1	BOXED
fix	ctor_Incr	5	BOXED
fn-arg-let-bound-noncapturing	ctor_Holder	1	BYVAL
fn-field-unboxed	ctor_Callback	1	BYVAL
fn-type-bare-identifier	ctor_Box	1	BYVAL
fn-typed-match-arm-capture	ctor_AddF__fn1_int__int	1	BOXED
fn-value-fat-normalized-params	ctor_FzB	4	BYVAL
fn-value-fat-normalized-tyvar-params	ctor_BoxF__int	1	BYVAL
fn-value-static-fatbox	ctor_Adder	2	BYVAL
for-comprehension-stdlib-option	ctor_Option__int	10	BYVAL
forward-ref-adt-return	ctor_A	2	BOXED
forward-ref-adt-return	ctor_B	2	BOXED
forward-ref-adt-return	ctor_P	1	BYVAL
free-interpreter	ctor_Suspend	2	BOXED
free-interpreter	ctor_CalcAdd	1	BOXED
free-interpreter	ctor_CalcMul	1	BOXED
free-lift-bind	ctor_Suspend	1	BOXED
free-pure	ctor_PureFree	2	BOXED
gadt-adt-skolem	ctor_FooVal	1	BYVAL
gadt-adt-skolem	ctor_Box	1	BOXED
gadt-asan	ctor_Lit	3	BOXED
gadt-asan	ctor_Add	1	BOXED
gadt-asan	ctor_Mul	1	BOXED
gadt-copy	ctor_Inclusive	1	BOXED
gadt-default-no-flag	ctor_Inclusive	1	BOXED
gadt-default-no-flag	ctor_Exclusive	1	BOXED
gadt-default-no-flag	ctor_Unbounded	1	BOXED
gadt-equal-coerce	ctor_Refl	1	BOXED
gadt-equal-cong	ctor_Refl	2	BOXED
gadt-equal-refl	ctor_Refl	1	BOXED
gadt-equal-sym	ctor_Refl	2	BOXED
gadt-equal-trans	ctor_Refl	2	BOXED
gadt-guard	ctor_Pos	2	BOXED
gadt-guard	ctor_Neg	1	BOXED
gadt-guard	ctor_Zero	1	BOXED
gadt-integration	ctor_Red	1	BOXED
gadt-integration	ctor_Green	1	BOXED
gadt-integration	ctor_Lit	2	BOXED
gadt-integration	ctor_Add	1	BOXED
gadt-param-tyvar	ctor_MkBox2	1	BOXED
gadt-refine-basic	ctor_IntWit	1	BOXED
gadt-refine-basic	ctor_BoolWit	1	BOXED
gadt-refine-expr	ctor_Lit	3	BOXED
gadt-refine-expr	ctor_Add	2	BOXED
gadt-refine-nat	ctor_VNil	2	BOXED
gadt-refine-nat	ctor_VCons	6	BOXED
gadt-refine-witness	ctor_WInt	1	BOXED
gadt-refine-witness	ctor_WBool	1	BOXED
gadt-stdlib-nat	ctor_Zero	6	BOXED
gadt-stdlib-nat	ctor_Succ	10	BOXED
gadt-stdlib-vec	ctor_VNil	3	BOXED
gadt-stdlib-vec	ctor_VCons	6	BOXED
gadt-stdlib-vec-stdlib	ctor_GVNil	11	BOXED
gadt-stdlib-vec-stdlib	ctor_GVCons	23	BOXED
gadt-struct-namespace-prefer	ctor_SEmpty	2	BOXED
gadt-struct-namespace-prefer	ctor_SPush	3	BOXED
gadt-syntax-multi	ctor_MkP2	1	BOXED
gc-auto-collects-without-gc-call	ctor_S	80000	BYVAL
gc-blind-spot-cycle-through-vec	ctor_D	100	BYVAL
gc-blind-spot-cycle-through-vec	ctor_Cell	50	BYVAL
gc-blind-spot-cycle-through-vec	ctor_CNode	50	BYVAL
gc-blind-spot-cycle-through-vec	ctor_N	50	BYVAL
gc-candidate-buffering	ctor_S	2	BYVAL
gc-collects-strong-cycle-heap-bytes	ctor_S	11000	BYVAL
gc-collects-strong-cycle	ctor_S	11000	BYVAL
gc-heap-struct-rc	ctor_H	16500	BOXED
gc-live-cycle-survives	ctor_S	11004	BYVAL
gc-stats-observability	ctor_S	1000	BYVAL
gde5-generic-dict-reresolve	ctor_Box	1	BYVAL
gde6-generic-dict-alias-call	ctor_Box	1	BYVAL
gde7-generic-dict-coerced-fn-arg	ctor_Box	2	BYVAL
generic-closure-return-type-app	ctor_Cons__int	6	BOXED
generic-closure-return-type-app	ctor_Cons__float	1	BOXED
generic-inline-c-struct-through-unsafe	ctor_Pos	2	BYVAL
generic-relay-aggregate-result	ctor_Pair__int__ptr_void	1	BYVAL
heap-generic-base	ctor_Box__int	1	BOXED
heap-make-struct-roundtrip	ctor_Box__int	1	BOXED
heap-make-struct-roundtrip	ctor_Box__bool	1	BOXED
hkt-ap-fn-in-container	ctor_Option__fn1_int__int	4	BYVAL
hkt-ap-fn-in-container	ctor_Option__int	8	BYVAL
hkt-ap-fn-in-container	ctor_Option__fn1_float__float	1	BYVAL
hkt-ap-fn-in-container	ctor_Option__float	2	BYVAL
hkt-cata-captureless-fn-carrier-arm	ctor_LitF	2	BOXED
hkt-cata-captureless-fn-carrier-arm	ctor_VarF	2	BOXED
hkt-cata-captureless-fn-carrier-arm	ctor_Roll	5	BYVAL
hkt-cata-captureless-fn-carrier-arm	ctor_AddF__Expr	1	BOXED
hkt-cata-captureless-fn-carrier-arm	ctor_LitF__fn1_int__int	2	BOXED
hkt-cata-captureless-fn-carrier-arm	ctor_VarF__fn1_int__int	2	BOXED
hkt-cata-captureless-fn-carrier-arm	ctor_AddF__fn1_int__int	1	BOXED
hkt-cata-fmap-byvalue-carrier	ctor_EmptyF	2	BOXED
hkt-cata-fmap-byvalue-carrier	ctor_LitF	7	BOXED
hkt-cata-fmap-byvalue-carrier	ctor_Roll	16	BYVAL
hkt-cata-fmap-byvalue-carrier	ctor_AltF__Re	6	BOXED
hkt-cata-fmap-byvalue-carrier	ctor_StarF__Re	1	BOXED
hkt-cata-fmap-byvalue-carrier	ctor_EmptyF__int	1	BOXED
hkt-cata-fmap-byvalue-carrier	ctor_LitF__int	2	BOXED
hkt-cata-fmap-byvalue-carrier	ctor_AltF__int	2	BOXED
hkt-cata-fmap-byvalue-carrier	ctor_StarF__int	1	BOXED
hkt-cata-fmap-byvalue-carrier	ctor_EmptyF__bool	1	BOXED
hkt-cata-fmap-byvalue-carrier	ctor_LitF__bool	5	BOXED
hkt-cata-fmap-byvalue-carrier	ctor_AltF__bool	4	BOXED
hkt-cata-fmap-byvalue-carrier	ctor_EmptyF__float	1	BOXED
hkt-cata-fmap-byvalue-carrier	ctor_LitF__float	2	BOXED
hkt-cata-fmap-byvalue-carrier	ctor_AltF__float	2	BOXED
hkt-cata-fmap-byvalue-carrier	ctor_StarF__float	1	BOXED
hkt-cata-fn-arg-carrier	ctor_LitF	5	BOXED
hkt-cata-fn-arg-carrier	ctor_Roll	8	BYVAL
hkt-cata-fn-arg-carrier	ctor_AddF__Expr	3	BOXED
hkt-cata-fn-arg-carrier	ctor_LitF__fn2_fn0__struct_int__int	5	BOXED
hkt-cata-fn-arg-carrier	ctor_AddF__fn2_fn0__struct_int__int	3	BOXED
hkt-cata-fn-carrier-recursive	ctor_LitF	5	BOXED
hkt-cata-fn-carrier-recursive	ctor_Roll	8	BYVAL
hkt-cata-fn-carrier-recursive	ctor_AddF__Expr	3	BOXED
hkt-cata-fn-carrier-recursive	ctor_LitF__fn1_int__int	5	BOXED
hkt-cata-fn-carrier-recursive	ctor_AddF__fn1_int__int	3	BOXED
hkt-cata-mixed-fn-value-carrier	ctor_LitF	4	BOXED
hkt-cata-mixed-fn-value-carrier	ctor_Roll	6	BYVAL
hkt-cata-mixed-fn-value-carrier	ctor_AddF__Expr	2	BOXED
hkt-cata-mixed-fn-value-carrier	ctor_LitF__fn1_int__int	2	BOXED
hkt-cata-mixed-fn-value-carrier	ctor_AddF__fn1_int__int	1	BOXED
hkt-cata-mixed-fn-value-carrier	ctor_LitF__int	2	BOXED
hkt-cata-mixed-fn-value-carrier	ctor_AddF__int	1	BOXED
hkt-cata-wide-byvalue-carrier	ctor_LitF	5	BOXED
hkt-cata-wide-byvalue-carrier	ctor_Roll	9	BYVAL
hkt-cata-wide-byvalue-carrier	ctor_AddF__Expr	4	BOXED
hkt-cata-wide-byvalue-carrier	ctor_LitF__int	15	BOXED
hkt-cata-wide-byvalue-carrier	ctor_AddF__int	12	BOXED
hkt-constrained-byvalue-bind-pure	ctor_Option	3	BOXED
hkt-constrained-byvalue-bind-pure	ctor_Option__int	3	BYVAL
hkt-constrained-byvalue-carrier	ctor_Option__int	2	BYVAL
hkt-constrained-curried-binary-head	ctor_Right	1	BOXED
hkt-constrained-curried-binary-head	ctor_Right__cstr__int	1	BOXED
hkt-constrained-hole-headed-instance-head	ctor_Result	1	BOXED
hkt-constrained-hole-headed-instance-head	ctor_Result__int__cstr	3	BYVAL
hkt-constrained-spec-reresolves-instance	ctor_Option	1	BOXED
hkt-constrained-spec-reresolves-instance	ctor_Option__int	3	BYVAL
hkt-constrained-wide-byvalue-carrier	ctor_Pad2__int	2	BYVAL
hkt-fmap-byvalue-sum-element	ctor_AltF__bool	1	BOXED
hkt-fmap-byvalue-sum-element	ctor_AltF__int	5	BOXED
hkt-fmap-byvalue-sum-element	ctor_AltF__float	1	BOXED
hkt-fmap-byvalue-sum-element	ctor_AltF__cstr	1	BOXED
hkt-fmap-match-scrutinee	ctor_Left	2	BOXED
hkt-fmap-match-scrutinee	ctor_Right	4	BOXED
hkt-inline-c-byvalue-result-type	ctor_Box__int	1	BYVAL
hkt-inline-c-heap-result-type	ctor_HBox__int	1	BOXED
hkt-partial-app-wildcard-byvalue	ctor_Result	2	BOXED
hkt-partial-app-wildcard-byvalue	ctor_Result__int__int	2	BYVAL
hkt-rank2-forall-pure-two-instances	ctor_Mk1	1	BOXED
hkt-rank2-forall-pure-two-instances	ctor_Mk2	1	BOXED
hkt-rank2-forall-pure-two-instances	ctor_Mk1__int	1	BYVAL
hkt-rank2-forall-pure-two-instances	ctor_Mk2__int	1	BYVAL
hkt-return-dispatch-if-sibling	ctor_Option__int	6	BYVAL
hkt-rank2-result-only-pin	ctor_Mk1	1	BOXED
hkt-rank2-result-only-pin	ctor_Mk2	1	BOXED
hkt-stdlib-logic-instances	ctor_TInt	4	BOXED
hkt-stdlib-logic-instances	ctor_TVar	3	BOXED
hkt-stdlib-logic-instances	ctor_SNil	2	BOXED
hkt-stdlib-logic-instances	ctor_SBind	4	BOXED
hkt-stdlib-logic-instances	ctor_UOk	4	BOXED
hkt-stdlib-logic-instances	ctor_LMissing	4	BOXED
hkt-stdlib-logic-instances	ctor_LFound	3	BOXED
hkt-stdlib-logic-instances	ctor_StNil	7	BOXED
hkt-stdlib-logic-instances	ctor_StCons	9	BOXED
hkt-stdlib-option-result-instances	ctor_Option	1	BOXED
hkt-stdlib-option-result-instances	ctor_Option__int	14	BYVAL
hkt-stdlib-option-result-instances	ctor_Result__int__int	4	BYVAL
hkt-stdlib-result-ok-biased	ctor_Result	5	BOXED
hkt-stdlib-result-ok-biased	ctor_Result__int__int	6	BYVAL
hrt-hkt-aggregate-container	ctor_Option__int	2	BYVAL
hrt-hkt-aggregate-functor-dispatch	ctor_Maybe	2	BOXED
hrt-hkt-aggregate-functor-dispatch	ctor_Maybe__int	2	BYVAL
hrt-nested-lambda-enclosing-kind	ctor_Point	1	BOXED
hrt-rank2-aggregate-arg	ctor_Option__int	1	BYVAL
if-narrow-chained	ctor_Point	2	BYVAL
inline-c-names-let-local	ctor_Circle	1	BOXED
inline-c-rc-return-typed	ctor_S	1	BYVAL
inline-c-rc-return-typed	ctor_Chain	1	BYVAL
instance-closure-return-capture-struct	ctor_Box	1	BYVAL
instance-method-byvalue-struct-field-receiver	ctor_Option__cstr	3	BYVAL
instance-method-byvalue-struct-field-receiver	ctor_Rec	2	BYVAL
instance-method-return-carrier-bridge	ctor_Point	1	BYVAL
instance-method-return-carrier-bridge	ctor_Result__Point__cstr	1	BYVAL
jit-ffi-call-ptr-struct	ctor_IPair	2	BYVAL
jit-ffi-call-ptr-struct	ctor_Mixed	2	BYVAL
jit-ffi-call-ptr-struct	ctor_Vec2	1	BYVAL
kind-inference-adt	ctor_MkDuo__int__int	1	BYVAL
kleisli-arrow-instance	ctor_Option	1	BOXED
kleisli-arrow-instance	ctor_Option__int	4	BYVAL
lambda-returns-struct	ctor_Person	2	BYVAL
lens-compose-wide-byvalue-get-put	ctor_Person	2	BYVAL
lens-compose-wide-byvalue-get-put	ctor_Company	2	BYVAL
lens-compose-wide-byvalue-get-put	ctor_Lens__Company__Person	1	BYVAL
lens-compose-wide-byvalue-get-put	ctor_Lens__Person__cstr	1	BYVAL
lens-compose-wide-byvalue-get-put	ctor_Lens__Company__cstr	1	BYVAL
let-bind-byptr-struct-param	ctor_Triple	2	BYVAL
letrec-self-recursive-carrier-struct-return	ctor_Box	4	BYVAL
linear-lref-struct-field	ctor_PtrBox	1	BYVAL
list-basic	ctor_Cons__int	12	BOXED
list-count-phantom-opaque-aggregate-element	ctor_Cons__int	5	BOXED
list-count-phantom-opaque-aggregate-element	ctor_Option__int	7	BYVAL
list-count-phantom-opaque-aggregate-element	ctor_Cons__Option__int	3	BOXED
list-count-phantom-opaque-aggregate-element	ctor_Cons__cstr	2	BOXED
list-count-phantom-opaque-aggregate-element	ctor_Cons__float	3	BOXED
list-homog-byvalue-aggregate-element	ctor_Option__int	7	BYVAL
list-homog-byvalue-aggregate-element	ctor_Cons__Option__int	3	BOXED
list-length-byvalue-aggregate-element	ctor_Cons__int	5	BOXED
list-length-byvalue-aggregate-element	ctor_Option__int	7	BYVAL
list-length-byvalue-aggregate-element	ctor_Cons__Option__int	3	BOXED
list-length-byvalue-aggregate-element	ctor_Cons__float	2	BOXED
local-struct-fnfield-drop	ctor_Adder	1	BYVAL
logic-conjoined	ctor_TInt	2	BOXED
logic-conjoined	ctor_TVar	2	BOXED
logic-conjoined	ctor_SNil	1	BOXED
logic-conjoined	ctor_SBind	2	BOXED
logic-conjoined	ctor_UOk	2	BOXED
logic-conjoined	ctor_LMissing	2	BOXED
logic-conjoined	ctor_StNil	4	BOXED
logic-conjoined	ctor_StCons	4	BOXED
logic-disjoined	ctor_TInt	2	BOXED
logic-disjoined	ctor_TVar	2	BOXED
logic-disjoined	ctor_SNil	1	BOXED
logic-disjoined	ctor_SBind	2	BOXED
logic-disjoined	ctor_UOk	2	BOXED
logic-disjoined	ctor_LMissing	2	BOXED
logic-disjoined	ctor_StNil	3	BOXED
logic-disjoined	ctor_StCons	5	BOXED
logic-fresh	ctor_TInt	1	BOXED
logic-fresh	ctor_TVar	1	BOXED
logic-fresh	ctor_SNil	2	BOXED
logic-fresh	ctor_SBind	1	BOXED
logic-fresh	ctor_UOk	1	BOXED
logic-fresh	ctor_LMissing	1	BOXED
logic-fresh	ctor_StNil	2	BOXED
logic-fresh	ctor_StCons	2	BOXED
logic-occurs-check	ctor_TVar	1	BOXED
logic-occurs-check	ctor_TPair	1	BOXED
logic-occurs-check	ctor_TNil	1	BOXED
logic-occurs-check	ctor_SNil	1	BOXED
logic-occurs-check	ctor_SBind	1	BOXED
logic-occurs-check	ctor_UOk	1	BOXED
logic-occurs-check	ctor_LMissing	1	BOXED
logic-occurs-check	ctor_StNil	2	BOXED
logic-occurs-check	ctor_StCons	2	BOXED
logic-query	ctor_TInt	3	BOXED
logic-query	ctor_TVar	3	BOXED
logic-query	ctor_SNil	1	BOXED
logic-query	ctor_SBind	3	BOXED
logic-query	ctor_UOk	3	BOXED
logic-query	ctor_LMissing	3	BOXED
logic-query	ctor_StNil	4	BOXED
logic-query	ctor_StCons	8	BOXED
logic-reify	ctor_TInt	2	BOXED
logic-reify	ctor_TVar	4	BOXED
logic-reify	ctor_SNil	3	BOXED
logic-reify	ctor_SBind	2	BOXED
logic-reify	ctor_UOk	2	BOXED
logic-reify	ctor_LMissing	2	BOXED
logic-reify	ctor_LFound	2	BOXED
logic-reify	ctor_StNil	4	BOXED
logic-reify	ctor_StCons	4	BOXED
logic-unify-basic	ctor_TInt	1	BOXED
logic-unify-basic	ctor_TVar	1	BOXED
logic-unify-basic	ctor_SNil	1	BOXED
logic-unify-basic	ctor_SBind	1	BOXED
logic-unify-basic	ctor_UOk	1	BOXED
logic-unify-basic	ctor_LMissing	1	BOXED
logic-unify-basic	ctor_LFound	1	BOXED
logic-unify-basic	ctor_StNil	2	BOXED
logic-unify-basic	ctor_StCons	2	BOXED
logic-unify-fail	ctor_TInt	2	BOXED
logic-unify-fail	ctor_SNil	1	BOXED
logic-unify-fail	ctor_UFail	1	BOXED
logic-unify-fail	ctor_StNil	2	BOXED
m2b-make-struct-keyword	ctor_M2bPair__int__int	1	BYVAL
macro-backquote-dot-sym-siblings	ctor_W	1	BYVAL
macro-defstruct-field-type-unquote	ctor_Box__int	1	BYVAL
macro-defstruct-field-type-unquote	ctor_IntBoxPair	1	BYVAL
macro-procedural-derive	ctor_P1	1	BYVAL
macro-procedural-derive	ctor_P2	1	BYVAL
macro-reflect-derive	ctor_P3	1	BYVAL
macro-unquote-in-type-position	ctor_Pos	1	BYVAL
make-struct-cstr-carrier-bridge	ctor_Box__cstr	1	BOXED
make-struct-parametric-fn-field-infer	ctor_Person	2	BYVAL
make-struct-parametric-fn-field-infer	ctor_Endo__int	1	BYVAL
make-struct-parametric-fn-field-infer	ctor_Lens__Person__cstr	1	BYVAL
make-struct-phantom-typeparam	ctor_PairD	1	BOXED
make-struct-phantom-typeparam	ctor_World	1	BOXED
match-adt-var-arm	ctor_OA	1	BOXED
match-adt-var-arm	ctor_OB	1	BOXED
match-adt-var-arm	ctor_Circle	1	BOXED
match-adt-var-arm	ctor_Rect	1	BOXED
match-adt-var-arm	ctor_IA	1	BOXED
match-adt-var-arm	ctor_IB	1	BOXED
match-adt-var-arm	ctor_W	2	BOXED
match-adt-var-arm	ctor_Empty	1	BOXED
match-arm-diverging-and-move	ctor_Lit	4	BOXED
match-arm-diverging-and-move	ctor_Add	1	BOXED
match-arm-diverging-and-move	ctor_TA	1	BOXED
match-arm-diverging-and-move	ctor_TB	1	BOXED
match-nested-patterns	ctor_Lit	5	BOXED
match-nested-patterns	ctor_Add	2	BOXED
match-nested-patterns	ctor_IA	2	BOXED
match-nested-patterns	ctor_IB	1	BOXED
match-nested-patterns	ctor_MA	3	BOXED
match-nested-patterns	ctor_MB	3	BOXED
match-nested-patterns	ctor_OA	6	BOXED
match-nested-patterns	ctor_OB	2	BOXED
match-redundant-arm	ctor_Green	1	BOXED
module-cross-module-struct	ctor_Point	1	BYVAL
nested-carrier-match-element-type	ctor_MkPair2__int__int	2	BYVAL
nested-carrier-match-element-type	ctor_N__int	2	BYVAL
nested-carrier-match-element-type	ctor_MkPair2__float__float	1	BYVAL
nested-carrier-match-element-type	ctor_N__float	1	BYVAL
nested-carrier-match-element-type	ctor_D__int	1	BYVAL
nested-construct-byvalue-decode	ctor_Option__int	1	BYVAL
nested-construct-byvalue-decode	ctor_Result__Option__int__cstr	1	BYVAL
nested-construct-byvalue-decode	ctor_Option__cstr	1	BYVAL
nested-construct-byvalue-decode	ctor_Result__Option__cstr__cstr	1	BYVAL
nested-construct-byvalue-decode	ctor_Option__float	1	BYVAL
nested-construct-byvalue-decode	ctor_Result__Option__float__cstr	1	BYVAL
nested-construct-byvalue-decode	ctor_Option__Box	1	BYVAL
nested-construct-byvalue-decode	ctor_Result__Option__Box__cstr	1	BYVAL
num-typeclass-operator-dispatch	ctor_V2	15	BYVAL
numeric-types-struct	ctor_Pixel	1	BYVAL
numeric-types-struct	ctor_Vec2	1	BYVAL
numeric-types-struct	ctor_Counts	1	BYVAL
option-basic	ctor_Option	4	BOXED
option-basic	ctor_Option__int	7	BYVAL
option-byvalue-param-none-safe	ctor_Option__int	2	BYVAL
option-byvalue-param-none-safe	ctor_Option__float	2	BYVAL
option-construct-byvalue-return-spec	ctor_Option	1	BOXED
option-construct-byvalue-return-spec	ctor_Option__int	4	BYVAL
option-construct-byvalue-return-spec	ctor_Option__float	3	BYVAL
option-construct-ground-byvalue-none	ctor_Option__BoundedIdx	3	BYVAL
option-consumers-byvalue-arg	ctor_Option	1	BOXED
option-consumers-byvalue-arg	ctor_Option__int	13	BYVAL
option-control-form-construct	ctor_Option__int	8	BYVAL
option-control-form-construct	ctor_Result__int__cstr	2	BYVAL
option-map-byvalue-result-into-carrier-consumer-let-inside-arg	ctor_Option__int	8	BYVAL
option-map-capturing-closure	ctor_Option	3	BOXED
option-map-capturing-closure	ctor_Option__int	3	BYVAL
option-map-literal-none-unannotated-lambda	ctor_Option	2	BOXED
option-map-literal-none-unannotated-lambda	ctor_Option__int	4	BYVAL
option-of-tvec-eq	ctor_Option__Vec__int	4	BYVAL
owning-field-explicit-drop-suppresses-autodrop	ctor_Own	1	BYVAL
pair-signals-typed	ctor_Pair__float__float	1	BYVAL
panic-value-if-branch	ctor_Result__int__int	3	BYVAL
parametric-fwd-decl-sibling-return	ctor_PFail__Expr	2	BOXED
parsec-tutorial	ctor_ENum	4	BOXED
parsec-tutorial	ctor_EAdd	2	BOXED
parsec-tutorial	ctor_EMul	1	BOXED
parsec-tutorial	ctor_Cons__int	9	BOXED
parsec-tutorial	ctor_POK__int	8	BOXED
parsec-tutorial	ctor_PFail__Expr	4	BOXED
parsec-tutorial	ctor_POK__Expr	12	BOXED
phase-d-pass-by-ptr	ctor_Vec3	5	BYVAL
poly-combinator-application-element-inference	ctor_PFail__int	1	BOXED
poly-combinator-application-element-inference	ctor_POK__int	1	BOXED
poly-combinator-application-element-inference	ctor_PFail__cstr	1	BOXED
poly-combinator-application-element-inference	ctor_POK__cstr	1	BOXED
poly-hof-constrained-arg-spec	ctor_Box	1	BYVAL
poly-hof-reversed-order-primitive-pin	ctor_Box	1	BYVAL
poly-nested-tuple-accessor	ctor_Tuple2__cstr__int	2	BYVAL
poly-nested-tuple-accessor	ctor_Tuple2__int__Tuple2__cstr__int	1	BYVAL
poly-nested-tuple-accessor	ctor_Tuple2__Tuple2__cstr__int__int	1	BYVAL
positional-adt-poly-ok	ctor_Wrap__float	1	BYVAL
polymorphic-ok-err-value-struct-payload	ctor_User	1	BYVAL
polymorphic-ok-err-value-struct-payload	ctor_Errm	1	BYVAL
polymorphic-ok-err-value-struct-payload	ctor_Result__User__cstr	1	BYVAL
polymorphic-ok-err-value-struct-payload	ctor_Result__int__Errm	1	BYVAL
quasiquote-splice-into-vector	ctor_Whole	1	BYVAL
quasiquote-splice-into-vector	ctor_Mixed	1	BYVAL
r2-checked-reads-inline-c-still-trusted	ctor_World	1	BYVAL
range-bound-gadt	ctor_Inclusive	4	BOXED
range-bound-gadt	ctor_Exclusive	1	BOXED
range-bound-gadt	ctor_Unbounded	1	BOXED
range-connected-overlaps	ctor_Inclusive	28	BOXED
range-connected-overlaps	ctor_Exclusive	10	BOXED
range-connected-overlaps	ctor_Unbounded	2	BOXED
range-constructors	ctor_Inclusive	18	BOXED
range-constructors	ctor_Exclusive	14	BOXED
range-constructors	ctor_Unbounded	12	BOXED
range-encloses	ctor_Inclusive	20	BOXED
range-encloses	ctor_Unbounded	4	BOXED
range-from-range-step	ctor_Inclusive	4	BOXED
range-from-range-step	ctor_Exclusive	2	BOXED
range-from-range	ctor_Inclusive	6	BOXED
range-from-range	ctor_Exclusive	6	BOXED
range-gap	ctor_Inclusive	7	BOXED
range-gap	ctor_Exclusive	5	BOXED
range-intersection	ctor_Inclusive	14	BOXED
range-intersection	ctor_Exclusive	1	BOXED
range-intersection	ctor_Unbounded	1	BOXED
range-predicates	ctor_Inclusive	27	BOXED
range-predicates	ctor_Exclusive	7	BOXED
range-predicates	ctor_Unbounded	6	BOXED
range-reader-expr-bounds	ctor_Inclusive	6	BOXED
range-reader-expr-bounds	ctor_Exclusive	6	BOXED
range-reader-expr-bounds	ctor_Unbounded	4	BOXED
range-reader-one-sided	ctor_Inclusive	12	BOXED
range-reader-one-sided	ctor_Exclusive	8	BOXED
range-reader-one-sided	ctor_Unbounded	16	BOXED
range-reader-shadow-warn	ctor_Inclusive	2	BOXED
range-reader-shadow-warn	ctor_Exclusive	4	BOXED
range-reader-shadow-warn	ctor_Unbounded	2	BOXED
range-reader-two-sided	ctor_Inclusive	20	BOXED
range-reader-two-sided	ctor_Exclusive	20	BOXED
range-show	ctor_Inclusive	12	BOXED
range-show	ctor_Exclusive	5	BOXED
range-show	ctor_Unbounded	7	BOXED
range-span	ctor_Inclusive	10	BOXED
range-span	ctor_Exclusive	1	BOXED
range-span	ctor_Unbounded	1	BOXED
rc-family-type-in-app-argument	ctor_S	1	BYVAL
rc-family-type-in-app-argument	ctor_N	1	BYVAL
rc-field-read-into-var-clone	ctor_Own	1	BYVAL
rc-free-queue-deep-cascade	ctor_Node	100001	BYVAL
rc-of-adt-payload-released	ctor_PA	1	BOXED
rc-of-sum-type-releases-fields	ctor_S	3	BYVAL
rc-of-sum-type-releases-fields	ctor_Held	2	BOXED
rc-of-vec-element-ownership	ctor_S	2	BYVAL
rc-struct-auto-drop	ctor_Wrapper	1	BYVAL
rc-struct-nested-rc-fields	ctor_Node	1	BYVAL
rc-struct-simple-payload	ctor_Point	1	BYVAL
rcchain-cycle-is-collected	ctor_RcChain	51	BOXED
rcchain-cycle-is-collected	ctor_N	51	BYVAL
rcvec-holds-rc-values	ctor_S	1	BYVAL
rcvec-cycle-is-collected	ctor_N	50	BYVAL
re-pure-match-find-replace	ctor_RxClsNil	3	BOXED
re-pure-match-find-replace	ctor_RxClsRange	8	BOXED
re-pure-match-find-replace	ctor_RClass	3	BOXED
re-pure-match-find-replace	ctor_RStar	45	BOXED
re-pure-match-find-replace	ctor_RPlus	2	BOXED
re-pure-match-find-replace	ctor_REmpty	12	BOXED
re-pure-match-find-replace	ctor_RxNil	311	BOXED
re-pure-match-find-replace	ctor_RxCons	288	BOXED
re-pure-match-find-replace	ctor_RxIP	16	BYVAL
re-pure-match-find-replace	ctor_RxPR	12	BYVAL
re-pure-match-find-replace	ctor_RxStrsNil	1	BOXED
re-pure-match-find-replace	ctor_RxStrsCons	3	BOXED
re-pure-match-find-replace	ctor_Option__cstr	3	BYVAL
re-union-patterns	ctor_RxClsNil	2	BOXED
re-union-patterns	ctor_RxClsRange	3	BOXED
re-union-patterns	ctor_RChar	7	BOXED
re-union-patterns	ctor_RClass	2	BOXED
re-union-patterns	ctor_RStar	8	BOXED
re-union-patterns	ctor_RPlus	2	BOXED
re-union-patterns	ctor_RConcat	6	BOXED
re-union-patterns	ctor_RAlt	2	BOXED
re-union-patterns	ctor_RGroup	3	BOXED
re-union-patterns	ctor_REmpty	34	BOXED
re-union-patterns	ctor_RNever	1	BOXED
re-union-patterns	ctor_RxNil	82	BOXED
re-union-patterns	ctor_RxCons	155	BOXED
re-union-patterns	ctor_RxPR	34	BYVAL
read-frames-dump-verdicts	ctor_Wld	1	BYVAL
reader-macros-rx-literal	ctor_RxClsNil	2	BOXED
reader-macros-rx-literal	ctor_RxClsRange	3	BOXED
reader-macros-rx-literal	ctor_RClass	2	BOXED
reader-macros-rx-literal	ctor_RStar	12	BOXED
reader-macros-rx-literal	ctor_RPlus	2	BOXED
reader-macros-rx-literal	ctor_RConcat	4	BOXED
reader-macros-rx-literal	ctor_REmpty	16	BOXED
reader-macros-rx-literal	ctor_RBegin	2	BOXED
reader-macros-rx-literal	ctor_REnd	2	BOXED
reader-macros-rx-literal	ctor_RxNil	76	BOXED
reader-macros-rx-literal	ctor_RxCons	232	BOXED
reader-macros-rx-literal	ctor_RxPR	16	BYVAL
recursive-constrained-generic-carrier-ascription-element-dispatch	ctor_Cons__int	3	BOXED
recursive-constrained-generic-carrier-ascription-element-dispatch	ctor_Cons__float	3	BOXED
recursive-constrained-generic-carrier-ascription-element-dispatch	ctor_Cons__cstr	3	BOXED
fix-type	ctor_Roll	2	BOXED
fix-type	ctor_NoStep	1	BOXED
fix-type	ctor_OneStep	1	BOXED
hkt-recursive	ctor_Done	1	BOXED
hkt-recursive	ctor_More	1	BOXED
hkt-recursive	ctor_Present	1	BOXED
mutual-recursion	ctor_Expr	3	BOXED
mutual-recursion	ctor_Lit	2	BOXED
mutual-recursion	ctor_Add	1	BOXED
self-referential-struct	ctor_Empty	1	BOXED
self-referential-struct	ctor_Cons	3	BOXED
simple-tree	ctor_Leaf	3	BOXED
simple-tree	ctor_Branch	2	BOXED
refine-crossing-path-conditions	ctor_Num	1	BYVAL
refine-ctor-axioms	ctor_Box	2	BYVAL
refine-field-read-congruent	ctor_Box	1	BYVAL
refine-macrogen-crossings	ctor_World	4	BYVAL
refine-macrogen-foreach	ctor_World	1	BYVAL
refine-match-arms	ctor_Red	1	BOXED
refine-match-arms	ctor_Blue	1	BOXED
refine-match-datatype-theory	ctor_Box	1	BYVAL
refine-match-datatype-theory	ctor_Pos	2	BOXED
refine-match-pure-congruent	ctor_Green	1	BOXED
refine-pure-predicate-unmodelled	ctor_Circle	1	BOXED
refine-pure-predicate-unmodelled	ctor_Square	1	BOXED
refine-reads-frame-omits-global	ctor_World	1	BYVAL
refine-reads-multi-param-frozen	ctor_Wld	1	BYVAL
refine-reads-multi-param-frozen	ctor_Grd	1	BYVAL
refine-reads-multi-param-visible-quiet	ctor_Wld	1	BYVAL
refine-reads-multi-param-visible-quiet	ctor_Grd	1	BYVAL
refine-reads-visible-body-measure	ctor_Wld	1	BYVAL
refine-stateful-frozen-macro	ctor_World	1	BYVAL
refine-stateful-guard-discharges	ctor_World	1	BYVAL
refine-stateful-nonfinal-statement	ctor_World	1	BYVAL
refine-stateful-nonstrict-warns	ctor_World	1	BYVAL
refine-template-emitters	ctor_World	1	BYVAL
refine-type-arg-peeled	ctor_MkBox__int	2	BYVAL
refine-type-arg-peeled	ctor_MkBox__float	1	BYVAL
refine-wf3-disjoint-set	ctor_World	1	BYVAL
refined-nonempty	ctor_Option	2	BOXED
refined-nonempty	ctor_Cons__int	4	BOXED
refined-bounded-idx	ctor_Option__BoundedIdx	5	BYVAL
result-byvalue-tail-var-no-double-unbox	ctor_Result__H__cstr	4	BYVAL
result-monad-bind-typed-boundary	ctor_Result	1	BOXED
result-monad-bind-typed-boundary	ctor_Result__int__int	5	BYVAL
result-monad-bind-typed-boundary	ctor_Option__int	2	BYVAL
result-monad-nested-bind-typed-boundary	ctor_Result	1	BOXED
result-monad-nested-bind-typed-boundary	ctor_Result__int__int	14	BYVAL
result-monad-nested-bind-typed-boundary	ctor_Result__int__cstr	3	BYVAL
result-monad-nested-bind-typed-boundary	ctor_Option__int	5	BYVAL
result-of-typed-eq	ctor_Result__Vec__int__cstr	2	BYVAL
result-over-struct-with-option-field-typedef-order	ctor_Result__User__cstr	1	BYVAL
result-over-struct-with-option-field-typedef-order	ctor_Option__cstr	1	BYVAL
result-over-struct-with-option-field-typedef-order	ctor_User	1	BYVAL
result-typed-basic	ctor_Result	8	BOXED
result-typed-basic	ctor_Result__int__int	2	BYVAL
return-struct-param-byval	ctor_B4	2	BYVAL
return-type-carrier-bridges-still-accepted	ctor_S	2	BYVAL
return-type-nominal-ok	ctor_Pt	1	BYVAL
return-type-pointer-scalar-ok	ctor_Widget	1	BYVAL
return-type-register-class-ok	ctor_W	1	BYVAL
schan-roundtrip	ctor_Pair	1	BOXED
schan-worker-pool	ctor_Pair	6	BOXED
schema-decode-typed-user	ctor_User	1	BYVAL
schema-reader-json-str-result	ctor_User	2	BYVAL
schema-reader-json-str-runtime	ctor_User	1	BYVAL
self-recursive-carrier-struct-return	ctor_Box	6	BYVAL
serial-composite-instances	ctor_Pair__int__int	1	BYVAL
serial-composite-instances	ctor_Option__int	2	BYVAL
serial-nonserial-in-scope-not-captured	ctor_NoSer	1	BYVAL
set-bang-releases-old-rc	ctor_Node	50	BYVAL
show-list	ctor_HCons	1	BYVAL
show-option	ctor_MyOption	2	BYVAL
show-pair	ctor_MyPair	2	BYVAL
sized-cross-param-accept	ctor_SVNil	2	BOXED
sized-cross-param-accept	ctor_SVCons	4	BOXED
sized-handle-existential-pack-open	ctor_SVNil	1	BOXED
sized-handle-existential-pack-open	ctor_SVCons	3	BOXED
sized-size-arith	ctor_Static	17	BOXED
sized-size-arith	ctor_Add	5	BOXED
sized-size-arith	ctor_Mul	4	BOXED
sized-struct-field-share-accept	ctor_World	1	BOXED
sized-struct-field-share-accept	ctor_Cell	1	BOXED
sized-static-int	ctor_SInt	14	BOXED
sized-sz1-inference	ctor_Static	1	BOXED
sized-sz1-inference	ctor_SVNil	12	BOXED
sized-sz1-inference	ctor_SVCons	27	BOXED
sized-sz1-predicates	ctor_Static	41	BOXED
sized-sz1-predicates	ctor_Add	5	BOXED
sized-sz1-predicates	ctor_Mul	4	BOXED
sized-sz1-subtype	ctor_Static	15	BOXED
sized-sz1-subtype	ctor_Add	2	BOXED
sized-sz1-subtype	ctor_Mul	1	BOXED
sized-sz1-subtype	ctor_SVNil	3	BOXED
sized-sz1-subtype	ctor_SVCons	9	BOXED
sized-sz2-buf-basic	ctor_Static	1	BOXED
sized-sz2-layout	ctor_Static	2	BOXED
sized-sz2-layout	ctor_SVNil	1	BOXED
sized-sz2-layout	ctor_SVCons	4	BOXED
sized-sz3-bitvec	ctor_Static	2	BOXED
sized-sz3-ffi	ctor_Static	4	BOXED
sized-sz3-matrix	ctor_Static	3	BOXED
sized-sz4-flag	ctor_Static	3	BOXED
sized-sz4-flag	ctor_Add	2	BOXED
sized-sz4-flag	ctor_SVNil	1	BOXED
sized-sz4-flag	ctor_SVCons	3	BOXED
sized-sz6-erasure	ctor_SVNil	1	BOXED
sized-sz6-erasure	ctor_SVCons	1	BOXED
sized-sz6-indexed	ctor_SVNil	4	BOXED
sized-sz6-indexed	ctor_SVCons	7	BOXED
sized-sz7-static-accept	ctor_Static	7	BOXED
sized-sz7-static-accept	ctor_Add	1	BOXED
sized-sz8-inference	ctor_SVNil	3	BOXED
sized-sz8-inference	ctor_SVCons	4	BOXED
sized-sz8-polymorphic	ctor_SVNil	6	BOXED
sized-sz8-polymorphic	ctor_SVCons	16	BOXED
sized-vec-basic	ctor_Static	1	BOXED
sized-vec-basic	ctor_SVNil	8	BOXED
sized-vec-basic	ctor_SVCons	15	BOXED
stackless-catch-unwind-aggregate-param	ctor_Option__int	2	BYVAL
stackless-catch-unwind-aggregate-return	ctor_Option__int	2	BYVAL
stackless-catch-unwind-byref-aggregate-field	ctor_Result__int__int	2	BYVAL
stackless-catch-unwind-byref-aggregate-group-bail	ctor_MkWide	1	BYVAL
stackless-catch-unwind-byref-aggregate-match	ctor_MkBox__int	1	BYVAL
stackless-catch-unwind-byref-aggregate-reader-panic	ctor_Result__int__int	2	BYVAL
stackless-catch-unwind-byref-aggregate-param	ctor_Result__int__int	2	BYVAL
stackless-catch-unwind-byref-aggregate-reader-transitive-escape-bail	ctor_Result__int__int	2	BYVAL
stackless-catch-unwind-byref-aggregate-reader-transitive	ctor_Result__int__int	2	BYVAL
stackless-catch-unwind-byref-aggregate-reader	ctor_Result__int__int	2	BYVAL
stackless-catch-unwind-mutual-aggregate-param	ctor_Option__int	2	BYVAL
stackless-catch-unwind-mutual-byref-aggregate-param	ctor_Result__int__int	2	BYVAL
stackless-catch-unwind-panic-unwind-aggregate-leak	ctor_Option__int	2	BYVAL
stdlib-lens-record-field	ctor_Point	3	BOXED
stdlib-lens-record-field	ctor_Lens__Point__int	1	BYVAL
struct-auto-ctor	ctor_Person	2	BYVAL
struct-curry-ctor	ctor_Person	3	BYVAL
struct-kw-ctor	ctor_Person	3	BYVAL
struct-linear-lowered	ctor_Handle	1	BYVAL
struct-no-auto-ctor-make-struct	ctor_Point	2	BYVAL
struct-param-byvalue-not-shared	ctor_Ctr	3	BYVAL
struct-param-byvalue-not-shared	ctor_Inner	1	BYVAL
struct-param-byvalue-not-shared	ctor_Outer	1	BYVAL
struct-returning-fn-as-value	ctor_Person	1	BYVAL
struct-set-field	ctor_Point	1	BYVAL
struct-with-copy	ctor_Person	4	BYVAL
sum-either-basic	ctor_Left	1	BOXED
sum-either-basic	ctor_Right	1	BOXED
sum-either-functor-instance	ctor_Left	2	BOXED
sum-either-functor-instance	ctor_Right	2	BOXED
sum-either-inline-c-roundtrip	ctor_Left	1	BOXED
sum-either-inline-c-roundtrip	ctor_Right	1	BOXED
sum-either-match	ctor_Left	1	BOXED
sum-either-match	ctor_Right	1	BOXED
sum-either-nested	ctor_Nada	1	BOXED
sum-either-nested	ctor_Just	1	BOXED
sum-either-nested	ctor_Left	1	BOXED
sum-either-nested	ctor_Right	2	BOXED
sum-either-nonexhaustive-opt-out	ctor_Right	1	BOXED
sum-either-str-parse	ctor_Left	2	BOXED
sum-either-str-parse	ctor_Right	2	BOXED
sweet-exp-spaced-typeann	ctor_Pt	1	BYVAL
tuple-345-basic	ctor_Tuple3__int__cstr__float	1	BYVAL
tuple-345-basic	ctor_Tuple4__int__int__int__int	1	BYVAL
tuple-345-basic	ctor_Tuple5__int__int__int__int__int	1	BYVAL
tuple-arity-6	ctor_Tuple6__int__int__cstr__int__int__int	1	BYVAL
tuple-arity-6	ctor_Tuple7__int__int__int__int__int__int__int	1	BYVAL
tuple-arity-6	ctor_Tuple8__int__int__int__int__int__int__int__int	1	BYVAL
tuple-type-bracket-sugar	ctor_Tuple2__int__cstr	1	BYVAL
tuple-type-bracket-sugar	ctor_Tuple2__cstr__int	1	BYVAL
tuple-type-bracket-sugar	ctor_Tuple2__int__Tuple2__cstr__int	1	BYVAL
tuple-type-bracket-sugar	ctor_Tuple3__int__int__int	1	BYVAL
tuple2-eq-macro	ctor_Tuple2__int__int	3	BYVAL
tuplen-struct-param-passing	ctor_Tuple3__int__int__int	3	BYVAL
tuplen-struct-param-passing	ctor_Tuple4__int__int__int__int	1	BYVAL
tuplen-struct-param-passing	ctor_Tuple5__int__int__int__int__int	1	BYVAL
tuplen-struct-param-passing	ctor_Tuple6__int__int__int__int__int__int	1	BYVAL
tuplen-struct-param-passing	ctor_Tuple7__int__int__int__int__int__int__int	1	BYVAL
tuplen-struct-param-passing	ctor_Tuple8__int__int__int__int__int__int__int__int	1	BYVAL
typeclass-nominal-return-type	ctor_BBox	1	BYVAL
typeclass-poly-wrapper-struct-receiver	ctor_GameWorld	1	BYVAL
typeclass-return-dispatch-result-wrapped	ctor_Result__int__cstr	1	BYVAL
typeclass-return-dispatch-result-wrapped	ctor_Result__cstr__cstr	1	BYVAL
typeclass-struct-arg-dispatch	ctor_Color4	1	BYVAL
typeclass-struct-arg-dispatch	ctor_Color8	1	BYVAL
typeclass-struct-arg-dispatch	ctor_Color24	1	BYVAL
typeclass-struct-arg-dispatch	ctor_Fg	1	BYVAL
typeclass-struct-arg-dispatch	ctor_Bg	1	BYVAL
typeclass-typed-method-param	ctor_GameWorld	1	BYVAL
typeclass-unsafe-passbyptr-struct-arg	ctor_T3	1	BYVAL
parametric-clone-list	ctor_Node	1	BYVAL
parametric-clone-pair	ctor_KV	1	BYVAL
adt-float-payload-poly	ctor_Just__float	2	BOXED
adt-float-payload	ctor_JustF	2	BOXED
adt-float-payload	ctor_NothingF	1	BOXED
adt-poly-boundary	ctor_Just__float	2	BOXED
coerce-carrier-to-struct	ctor_Result	1	BOXED
cons-double-twice	ctor_Cons__float	1	BOXED
cons-float-layout	ctor_Cons__float	1	BOXED
cons-float	ctor_Cons__float	2	BOXED
cs3-nested-specialization	ctor_Pair__int__float	1	BYVAL
cs4-stdlib-helpers	ctor_Cons__int	1	BOXED
cs4-stdlib-helpers	ctor_Pair__int__float	1	BYVAL
cs4-stdlib-helpers	ctor_Option__int	1	BYVAL
cs4-stdlib-helpers	ctor_Result__int__int	1	BYVAL
fmap-float-list	ctor_Cons__int	6	BOXED
generic-struct-fields	ctor_Box__int	1	BYVAL
generic-struct-fields	ctor_Duo__int__int	1	BYVAL
generic-struct-layout	ctor_Box__float	1	BYVAL
generic-struct-layout	ctor_Duo2__int__float	1	BYVAL
gpair-instance	ctor_GPair__int__int	1	BYVAL
option-float	ctor_Option__float	2	BYVAL
pair-macros	ctor_Pair__int__float	1	BYVAL
polymorphic-cons-boundary	ctor_Cons__float	1	BOXED
sized-numeric-struct-app	ctor_Box__int32	1	BYVAL
sized-numeric-struct-app	ctor_Box__float32	1	BYVAL
stdlib-container-layout	ctor_Option__float	1	BYVAL
stdlib-container-layout	ctor_Pair__int__float	1	BYVAL
stdlib-container-layout	ctor_Result__float__cstr	1	BYVAL
tcons-of	ctor_Cons__int	1	BOXED
tcons-of	ctor_Cons__float	1	BOXED
tuple2-eq-method	ctor_Tuple2__int__int	3	BYVAL
list-basic	ctor_Cons__int	12	BOXED
list-macro-float	ctor_Cons__int	5	BOXED
list-macro-float	ctor_Cons__float	8	BOXED
list-concat	ctor_Cons__int	28	BOXED
list-macro	ctor_Cons__int	24	BOXED
pair-basic	ctor_Pair__int__int	12	BYVAL
option-basic	ctor_Option	4	BOXED
option-basic	ctor_Option__int	9	BYVAL
pair-opaque-element	ctor_Pair__int__Tag	2	BYVAL
pair-opaque-element	ctor_Pair__Tag__int	1	BYVAL
result-basic	ctor_Result	15	BOXED
result-basic	ctor_Result__int__int	4	BYVAL
tuple-basic	ctor_Tuple2__int__int	2	BYVAL
zipper-basic	ctor_Option	2	BOXED
unsafe-closure-capture	ctor_Suspend	1	BOXED
van-laarhoven-lens-compose	ctor_Point	4	BOXED
van-laarhoven-lens-compose	ctor_Line	3	BOXED
van-laarhoven-lens-concrete	ctor_Point	3	BOXED
van-laarhoven-lens-delegate	ctor_Point	2	BOXED
van-laarhoven-lens-generic	ctor_Point	3	BOXED
van-laarhoven-lens-wide-byvalue-accept	ctor_Point	2	BOXED
van-laarhoven-lens-wide-byvalue-accept	ctor_Identity__int	1	BYVAL
van-laarhoven-lens-wide-byvalue-accept	ctor_Identity__Point	1	BYVAL
van-laarhoven-lens-wide-capture	ctor_Point	5	BOXED
van-laarhoven-lens-wide-capture	ctor_Identity__int	4	BYVAL
van-laarhoven-lens-wide-capture	ctor_Identity__Point	4	BYVAL
van-laarhoven-lens-wide-compose	ctor_Point	4	BOXED
van-laarhoven-lens-wide-compose	ctor_Line	3	BOXED
van-laarhoven-lens-wide-compose	ctor_Identity__int	2	BYVAL
van-laarhoven-lens-wide-compose	ctor_Identity__Line	2	BYVAL
van-laarhoven-lens-wide-compose	ctor_Identity__Point	2	BYVAL
van-laarhoven-lens-wide-consumer-clone	ctor_Point	5	BOXED
van-laarhoven-lens-wide-consumer-clone	ctor_Identity__int	4	BYVAL
van-laarhoven-lens-wide-consumer-clone	ctor_Identity__Point	4	BYVAL
van-laarhoven-lens-wide-consumer-forward	ctor_Point	3	BOXED
van-laarhoven-lens-wide-consumer-forward	ctor_Identity__int	2	BYVAL
van-laarhoven-lens-wide-consumer-forward	ctor_Identity__Point	2	BYVAL
van-laarhoven-lens-wide-consumer-resolve	ctor_Point	5	BOXED
van-laarhoven-lens-wide-consumer-resolve	ctor_Identity__int	4	BYVAL
van-laarhoven-lens-wide-consumer-resolve	ctor_Identity__Point	4	BYVAL
van-laarhoven-lens-wide-functor-show	ctor_Identity	4	BOXED
van-laarhoven-lens-wide-functor-show	ctor_Identity__int	2	BYVAL
van-laarhoven-lens-wide-functor-show	ctor_Identity__bool	2	BYVAL
van-laarhoven-lens-wide-generic	ctor_Point	3	BOXED
van-laarhoven-lens-wide-generic	ctor_Identity__int	2	BYVAL
van-laarhoven-lens-wide-generic	ctor_Identity__Point	2	BYVAL
van-laarhoven-lens-wide-identity	ctor_Point	3	BOXED
van-laarhoven-lens-wide-identity	ctor_Identity__int	2	BYVAL
van-laarhoven-lens-wide-identity	ctor_Identity__Point	2	BYVAL
van-laarhoven-lens-wide-mixed	ctor_Point	3	BOXED
van-laarhoven-lens-wide-mixed	ctor_WId__int	1	BYVAL
van-laarhoven-lens-wide-mixed	ctor_WId__Point	1	BYVAL
van-laarhoven-lens-wide-mono-resolve	ctor_Point	3	BOXED
van-laarhoven-lens-wide-mono-resolve	ctor_Identity__int	2	BYVAL
van-laarhoven-lens-wide-mono-resolve	ctor_Identity__Point	2	BYVAL
van-laarhoven-lens-wide-mono	ctor_Point	3	BOXED
van-laarhoven-lens-wide-mono	ctor_Identity__int	2	BYVAL
van-laarhoven-lens-wide-mono	ctor_Identity__Point	2	BYVAL
variadic-types-adt	ctor_Red	1	BOXED
variadic-types-adt	ctor_Green	1	BOXED
variadic-types-adt	ctor_Blue	1	BOXED
vec-app-element-box-lifecycle	ctor_Sm	2	BYVAL
vec-app-element-box-lifecycle	ctor_Option__int	3	BYVAL
vec-byvalue-struct-element	ctor_FzB	4	BYVAL
vec-byvalue-struct-element	ctor_FzF	1	BYVAL
vec-multiword-struct-eq	ctor_Point	4	BYVAL
vec-push-byvalue-aggregate-escapes-frame	ctor_Option__int	2	BYVAL
vec-push-heap-struct-element-carrier-cast	ctor_Option__int	2	BYVAL
w3-letrec-open-capture	ctor_Wm	5	BYVAL
weak-breaks-parent-child-cycle	ctor_Node	11002	BYVAL
wf1-writes-frame-honored	ctor_Ctr	3	BYVAL
wf3-borrow-write-free	ctor_World	1	BYVAL
zipper-basic	ctor_Option	1	BOXED
